2022-02-09 17:19:20.774959, 3, 20.39, 990.60, 190.33, 53.46, 332
2022-02-09 17:19:29.852976, 3, 20.39, 990.61, 190.18, 53.42, 332
2022-02-09 17:19:40.958212, 3, 20.40, 990.57, 190.53, 53.66, 332
2022-02-09 17:19:52.072558, 3, 20.39, 990.54, 190.83, 53.31, 332
2022-02-09 17:20:01.151571, 3, 20.40, 990.56, 190.66, 53.46, 332
2022-02-09 17:20:12.259802, 3, 20.41, 990.58, 190.47, 53.37, 332
2022-02-09 17:20:23.375137, 3, 20.41, 990.56, 190.68, 53.54, 332
2022-02-09 17:20:32.464110, 3, 20.43, 990.55, 190.70, 54.06, 332
2022-02-09 17:20:43.569381, 3, 20.45, 990.58, 190.51, 54.02, 333
2022-02-09 17:20:52.708477, 3, 20.47, 991.85, nan, 100.00, 65535
2022-02-09 17:21:05.656005, 1, 21.36, 992.19, 176.82, 56.00, 318
2022-02-09 17:21:26.839324, 1, 21.34, 992.28, 176.05, 55.07, 319
2022-02-09 17:21:37.367607, 3, 20.49, -114.24, nan, 100.00, 65535
2022-02-09 17:21:48.036814, 1, 21.28, 992.25, 176.30, 57.06, 680
2022-02-09 17:21:58.505995, 3, 20.50, -114.25, nan, 100.00, 65535
2022-02-09 17:22:07.204986, 1, 21.17, 992.28, 176.11, 56.52, 680
2022-02-09 17:22:17.704220, 3, 180.68, 990.66, nan, 100.00, 65535
2022-02-09 17:22:28.392489, 1, 21.05, 992.24, 176.45, 57.79, 680
2022-02-09 17:22:38.921681, 3, 20.53, 990.67, 189.75, 55.19, 327
2022-02-09 17:22:49.599866, 1, 20.96, 992.25, 176.36, 59.08, 680
2022-02-09 17:23:00.977170, 3, 20.56, 990.65, 189.92, 54.73, 327
2022-02-09 17:23:22.878770, 1, 20.85, 992.23, 176.51, 60.04, 680
2022-02-09 17:23:32.286769, 3, 20.58, 990.65, 189.89, 54.28, 327
2022-02-09 17:23:54.149240, 1, 20.76, 992.26, 176.28, 60.66, 681
2022-02-09 17:24:03.577299, 3, 20.58, 990.65, 189.92, 55.08, 327
2022-02-09 17:24:25.408950, 1, 20.68, 992.26, 176.21, 60.94, 680
2022-02-09 17:24:34.887856, 3, 20.56, 990.66, 189.81, 54.45, 327
2022-02-09 17:24:56.659506, 1, 20.64, 992.26, 176.25, 61.01, 680
2022-02-09 17:25:06.177625, 3, 20.56, 990.71, 189.41, 54.63, 327
2022-02-09 17:25:27.920063, 1, 20.59, 992.28, 176.08, 62.13, 680
2022-02-09 17:25:37.478170, 3, 20.55, 990.67, 189.67, 54.50, 327
2022-02-09 17:25:59.169741, 1, 20.56, 992.30, 175.91, 62.99, 680
2022-02-09 17:26:08.787791, 3, 20.54, 990.67, 189.74, 54.65, 327
2022-02-09 17:26:30.430197, 1, 20.52, 992.27, 176.16, 63.29, 680
2022-02-09 17:26:40.088314, 3, 20.54, 990.68, 189.63, 54.46, 327
2022-02-09 17:27:01.690816, 1, 20.50, 992.29, 176.02, 63.51, 680
2022-02-09 17:27:11.388923, 3, 20.54, 990.65, 189.84, 54.49, 327
2022-02-09 17:27:32.950466, 1, 20.47, 992.26, 176.26, 62.92, 680
2022-02-09 17:28:04.196987, 1, 20.46, 992.29, 176.01, 63.81, 680
2022-02-09 17:28:13.975171, 3, 20.54, 990.70, 189.43, 55.22, 327
2022-02-09 17:28:35.447579, 1, 20.43, 992.28, 176.07, 62.36, 680
2022-02-09 17:28:45.265803, 3, 20.53, 990.66, 189.78, 54.90, 327
2022-02-09 17:29:06.687395, 1, 20.42, 992.32, 175.70, 63.08, 680
2022-02-09 17:29:16.575528, 3, 20.54, 990.69, 189.52, 55.06, 327
2022-02-09 17:29:37.937938, 1, 20.41, 992.32, 175.76, 62.88, 680
2022-02-09 17:29:47.876076, 3, 20.54, 990.70, 189.43, 55.31, 327
2022-02-09 17:30:09.198493, 1, 20.41, 992.26, 176.22, 62.78, 680
2022-02-09 17:30:40.438241, 1, 20.43, 992.28, 176.10, 62.78, 681
2022-02-09 17:30:50.496336, 3, 20.53, 990.69, 189.52, 56.35, 327
2022-02-09 17:31:11.698790, 1, 20.47, 992.29, 175.99, 62.39, 681
2022-02-09 17:31:21.796929, 3, 20.54, 990.73, 189.24, 56.40, 327
2022-02-09 17:31:42.948337, 1, 20.48, 992.29, 176.01, 62.31, 680
2022-02-09 17:31:53.096586, 3, 20.52, 990.72, 189.27, 56.26, 327
2022-02-09 17:32:14.209033, 1, 20.51, 992.30, 175.92, 62.30, 680
2022-02-09 17:32:24.397211, 3, 20.53, 990.70, 189.42, 55.67, 327
2022-02-09 17:32:45.469603, 1, 20.50, 992.31, 175.79, 61.74, 680
2022-02-09 17:33:16.713140, 1, 20.47, 992.32, 175.70, 61.93, 680
2022-02-09 17:33:27.001499, 3, 20.55, 990.72, 189.29, 56.06, 327
2022-02-09 17:33:47.943848, 1, 20.46, 992.33, 175.68, 62.71, 680
2022-02-09 17:34:19.207450, 1, 20.46, 992.29, 176.02, 62.93, 680
2022-02-09 17:34:29.616614, 3, 20.57, 990.73, 189.21, 55.26, 327
2022-02-09 17:34:50.458133, 1, 20.47, 992.33, 175.65, 63.93, 681
2022-02-09 17:35:00.926330, 3, 20.59, 990.70, 189.46, 56.03, 327
2022-02-09 17:35:21.718689, 1, 20.49, 992.32, 175.76, 63.89, 680
2022-02-09 17:35:32.226805, 3, 20.59, 990.70, 189.45, 55.94, 327
2022-02-09 17:35:52.959233, 1, 20.48, 992.32, 175.71, 62.45, 681
2022-02-09 17:36:03.526509, 3, 20.61, 990.72, 189.31, 55.96, 327
2022-02-09 17:36:24.208934, 1, 20.49, 992.31, 175.79, 63.16, 681
2022-02-09 17:36:34.817047, 3, 20.63, 990.77, 188.88, 56.40, 327
2022-02-09 17:36:55.469487, 1, 20.48, 992.30, 175.89, 62.47, 680
2022-02-09 17:37:06.127603, 3, 20.64, 990.79, 188.69, 57.10, 327
2022-02-09 17:37:26.720015, 1, 20.49, 992.34, 175.54, 63.49, 681
2022-02-09 17:37:57.963708, 1, 20.52, 992.38, 175.25, 63.60, 680
2022-02-09 17:38:08.751905, 3, 20.61, 990.82, 188.48, 57.56, 327
2022-02-09 17:38:29.224279, 1, 20.54, 992.40, 175.09, 63.67, 680
2022-02-09 17:38:40.062501, 3, 20.62, 990.84, 188.23, 57.25, 327
2022-02-09 17:39:00.483946, 1, 20.52, 992.43, 174.77, 62.98, 680
2022-02-09 17:39:11.382214, 3, 20.65, 990.79, 188.73, 58.12, 327
2022-02-09 17:39:31.755037, 1, 20.54, 992.39, 175.16, 62.97, 680
2022-02-09 17:39:42.682719, 3, 20.68, 990.76, 188.92, 57.05, 327
2022-02-09 17:40:03.014977, 1, 20.56, 992.33, 175.69, 63.33, 680
2022-02-09 17:40:13.993429, 3, 20.70, 990.77, 188.90, 56.38, 327
2022-02-09 17:40:34.264677, 1, 20.56, 992.40, 175.03, 62.64, 680
2022-02-09 17:41:05.529204, 1, 20.60, 992.40, 175.09, 62.41, 680
2022-02-09 17:41:16.587545, 3, 20.64, 990.85, 188.19, 57.83, 327
2022-02-09 17:41:36.779754, 1, 20.57, 992.39, 175.12, 61.86, 680
2022-02-09 17:41:47.908063, 3, 20.61, 990.82, 188.47, 56.32, 327
2022-02-09 17:42:08.029366, 1, 20.56, 992.43, 174.79, 63.43, 680
2022-02-09 17:42:19.197765, 3, 20.63, 990.86, 188.10, 56.62, 327
2022-02-09 17:42:39.269966, 1, 20.54, 992.40, 175.02, 62.68, 679
2022-02-09 17:42:50.498319, 3, 20.64, 990.85, 188.16, 55.70, 327
2022-02-09 17:43:10.530561, 1, 20.53, 992.45, 174.66, 62.86, 680
2022-02-09 17:43:21.817958, 3, 20.65, 990.84, 188.29, 55.92, 327
2022-02-09 17:43:41.790249, 1, 20.52, 992.40, 175.03, 62.51, 680
2022-02-09 17:43:53.128631, 3, 20.66, 990.83, 188.37, 55.62, 327
2022-02-09 17:44:13.050898, 1, 20.51, 992.46, 174.58, 62.57, 680
2022-02-09 17:44:24.449170, 3, 20.66, 990.83, 188.34, 55.94, 327
2022-02-09 17:44:44.301423, 1, 20.52, 992.52, 174.01, 63.29, 680
2022-02-09 17:44:53.749527, 3, 20.66, 990.87, 187.98, 56.27, 327
2022-02-09 17:45:15.541055, 1, 20.52, 992.48, 174.35, 63.68, 680
2022-02-09 17:45:25.039227, 3, 20.66, 990.89, 187.83, 55.09, 327
2022-02-09 17:45:46.781728, 1, 20.51, 992.43, 174.77, 64.04, 679
2022-02-09 17:45:56.339773, 3, 20.67, 990.87, 187.98, 55.70, 327
2022-02-09 17:46:18.031302, 1, 20.51, 992.47, 174.44, 62.43, 680
2022-02-09 17:46:27.639399, 3, 20.68, 990.84, 188.29, 55.51, 327
2022-02-09 17:46:49.291865, 1, 20.51, 992.41, 174.93, 62.06, 680
2022-02-09 17:46:58.930054, 3, 20.68, 990.86, 188.10, 55.56, 327
2022-02-09 17:47:20.542496, 1, 20.50, 992.46, 174.51, 61.97, 680
2022-02-09 17:47:30.220638, 3, 20.68, 990.87, 188.05, 55.17, 327
2022-02-09 17:47:51.782118, 1, 20.50, 992.45, 174.66, 63.52, 680
2022-02-09 17:48:01.530250, 3, 20.67, 990.87, 188.02, 55.11, 327
2022-02-09 17:48:23.052786, 1, 20.51, 992.51, 174.09, 64.28, 679
2022-02-09 17:48:32.840920, 3, 20.67, 990.91, 187.71, 55.06, 327
2022-02-09 17:48:54.313325, 1, 20.50, 992.51, 174.09, 63.20, 679
2022-02-09 17:49:04.151466, 3, 20.67, 990.90, 187.77, 55.48, 327
2022-02-09 17:49:25.573043, 1, 20.48, 992.56, 173.73, 62.82, 680
2022-02-09 17:49:35.451189, 3, 20.67, 990.89, 187.82, 55.07, 327
2022-02-09 17:49:56.823599, 1, 20.48, 992.48, 174.36, 62.16, 680
2022-02-09 17:50:06.751752, 3, 20.67, 990.89, 187.81, 55.16, 327
2022-02-09 17:50:28.074138, 1, 20.48, 992.53, 173.98, 63.63, 680
2022-02-09 17:50:38.042309, 3, 20.67, 990.89, 187.83, 55.07, 327
2022-02-09 17:50:59.313774, 1, 20.49, 992.50, 174.18, 64.23, 680
2022-02-09 17:51:09.342024, 3, 20.65, 990.89, 187.85, 55.72, 327
2022-02-09 17:51:30.574410, 1, 20.46, 992.53, 173.93, 61.04, 680
2022-02-09 17:51:40.642559, 3, 20.65, 990.94, 187.44, 55.54, 327
2022-02-09 17:52:01.824943, 1, 20.48, 992.59, 173.46, 62.12, 679
2022-02-09 17:52:11.933129, 3, 20.65, 990.93, 187.50, 55.63, 327
2022-02-09 17:52:33.074666, 1, 20.50, 992.59, 173.46, 62.33, 680
2022-02-09 17:52:43.242763, 3, 20.65, 990.97, 187.18, 54.42, 327
2022-02-09 17:53:04.325738, 1, 20.50, 992.54, 173.87, 62.58, 680
2022-02-09 17:53:14.563418, 3, 20.65, 990.95, 187.36, 54.60, 327
2022-02-09 17:53:35.585791, 1, 20.49, 992.55, 173.79, 61.83, 680
2022-02-09 17:53:45.853994, 3, 20.66, 990.96, 187.28, 54.52, 327
2022-02-09 17:54:06.815414, 1, 20.51, 992.57, 173.64, 61.64, 679
2022-02-09 17:54:17.173598, 3, 20.67, 990.97, 187.20, 54.95, 327
2022-02-09 17:55:10.328730, 1, 20.58, 992.58, 173.55, 60.17, 681
2022-02-09 17:55:19.775854, 3, 20.68, 990.97, 187.19, 55.11, 327
2022-02-09 17:55:41.588424, 1, 20.63, 992.57, 173.62, 59.80, 680
2022-02-09 17:55:51.076433, 3, 20.69, 990.98, 187.06, 54.96, 327
2022-02-09 17:56:12.848982, 1, 20.67, 992.57, 173.59, 59.28, 681
2022-02-09 17:56:22.387100, 3, 20.69, 990.98, 187.05, 54.66, 327
2022-02-09 17:56:44.098600, 1, 20.71, 992.59, 173.46, 59.78, 680
2022-02-09 17:57:15.343082, 1, 20.73, 992.58, 173.54, 59.19, 681
2022-02-09 17:57:25.011384, 3, 20.70, 991.03, 186.67, 54.55, 327
2022-02-09 17:57:46.583820, 1, 20.73, 992.59, 173.43, 59.36, 680
2022-02-09 17:57:56.311914, 3, 20.70, 991.04, 186.56, 55.70, 327
2022-02-09 17:58:17.833397, 1, 20.69, 992.66, 172.86, 59.17, 680
2022-02-09 17:58:27.631619, 3, 20.70, 991.05, 186.50, 55.25, 327
2022-02-09 17:58:49.073958, 1, 20.70, 992.61, 173.31, 59.83, 680
2022-02-09 17:58:58.932199, 3, 20.72, 991.05, 186.53, 54.97, 327
2022-02-09 17:59:20.334529, 1, 20.69, 992.67, 172.75, 59.28, 680
2022-02-09 17:59:30.232761, 3, 20.74, 991.08, 186.22, 54.16, 327
2022-02-09 17:59:51.584232, 1, 20.69, 992.65, 172.93, 58.77, 680
2022-02-09 18:00:22.820848, 1, 20.70, 992.66, 172.87, 58.57, 680
2022-02-09 18:00:32.828942, 3, 20.74, 991.03, 186.66, 54.44, 327
2022-02-09 18:00:54.091454, 1, 20.69, 992.66, 172.86, 58.85, 680
2022-02-09 18:01:04.139555, 3, 20.75, 991.06, 186.44, 55.04, 327
2022-02-09 18:01:25.351132, 1, 20.70, 992.71, 172.43, 58.29, 680
2022-02-09 18:01:35.459229, 3, 20.75, 991.06, 186.36, 54.55, 327
2022-02-09 18:01:56.602175, 1, 20.70, 992.64, 173.02, 58.54, 681
2022-02-09 18:02:06.759931, 3, 20.76, 991.06, 186.44, 54.42, 327
2022-02-09 18:02:27.852229, 1, 20.73, 992.65, 172.95, 58.39, 681
2022-02-09 18:02:38.050488, 3, 20.76, 991.08, 186.28, 54.28, 327
2022-02-09 18:02:59.111958, 1, 20.73, 992.68, 172.68, 57.86, 681
2022-02-09 18:03:09.340717, 3, 20.76, 991.08, 186.25, 54.50, 327
2022-02-09 18:03:30.372642, 1, 20.70, 992.65, 172.92, 57.93, 681
2022-02-09 18:03:40.650727, 3, 20.75, 991.10, 186.06, 54.41, 327
2022-02-09 18:04:01.613214, 1, 20.68, 992.66, 172.82, 58.23, 680
2022-02-09 18:04:32.855850, 1, 20.67, 992.71, 172.43, 59.56, 680
2022-02-09 18:04:43.254037, 3, 20.76, 991.09, 186.17, 54.07, 327
2022-02-09 18:05:04.106527, 1, 20.65, 992.73, 172.27, 59.88, 680
2022-02-09 18:05:14.564732, 3, 20.74, 991.12, 185.92, 54.63, 327
2022-02-09 18:05:35.367092, 1, 20.64, 992.69, 172.56, 58.14, 680
2022-02-09 18:05:45.854343, 3, 20.73, 991.10, 186.07, 54.26, 327
2022-02-09 18:06:06.607235, 1, 20.63, 992.71, 172.39, 58.12, 680
2022-02-09 18:06:17.165045, 3, 20.72, 991.11, 185.97, 54.26, 327
2022-02-09 18:06:37.857339, 1, 20.64, 992.70, 172.52, 58.78, 681
2022-02-09 18:06:48.465567, 3, 20.71, 991.11, 186.01, 54.01, 327
2022-02-09 18:07:09.097881, 1, 20.63, 992.70, 172.53, 58.90, 680
2022-02-09 18:07:19.765265, 3, 20.71, 991.10, 186.08, 53.73, 327
2022-02-09 18:07:40.337689, 1, 20.62, 992.77, 171.93, 59.43, 680
2022-02-09 18:07:49.045713, 3, 20.72, 991.11, 185.95, 53.96, 327
2022-02-09 18:08:11.578257, 1, 20.62, 992.78, 171.87, 59.60, 680
2022-02-09 18:08:20.336320, 3, 20.72, 991.18, 185.41, 54.15, 327
2022-02-09 18:08:42.817886, 1, 20.60, 992.72, 172.33, 59.46, 680
2022-02-09 18:08:51.636865, 3, 20.72, 991.16, 185.59, 54.08, 327
2022-02-09 18:09:14.058549, 1, 20.58, 992.77, 171.84, 58.34, 680
2022-02-09 18:09:22.926510, 3, 20.71, 991.17, 185.44, 53.92, 327
2022-02-09 18:09:45.319087, 1, 20.57, 992.78, 171.85, 59.58, 680
2022-02-09 18:09:54.227109, 3, 20.70, 991.21, 185.14, 53.98, 327
2022-02-09 18:10:16.568726, 1, 20.57, 992.78, 171.80, 59.80, 680
2022-02-09 18:10:25.516871, 3, 20.73, 991.20, 185.23, 53.55, 327
2022-02-09 18:10:47.829385, 1, 20.56, 992.74, 172.15, 60.24, 680
2022-02-09 18:10:56.817443, 3, 20.75, 991.18, 185.42, 53.67, 327
2022-02-09 18:11:19.089957, 1, 20.56, 992.76, 172.00, 59.85, 680
2022-02-09 18:11:28.118006, 3, 20.79, 991.16, 185.52, 53.33, 327
2022-02-09 18:11:50.329624, 1, 20.56, 992.76, 172.02, 60.52, 680
2022-02-09 18:11:59.407716, 3, 20.82, 991.18, 185.35, 53.31, 327
2022-02-09 18:12:21.580219, 1, 20.55, 992.78, 171.83, 59.51, 680
2022-02-09 18:12:30.718200, 3, 20.82, 991.22, 185.07, 54.19, 327
2022-02-09 18:12:52.820679, 1, 20.55, 992.77, 171.96, 58.70, 680
2022-02-09 18:13:02.007844, 3, 20.82, 991.22, 185.06, 53.33, 327
2022-02-09 18:13:24.060344, 1, 20.54, 992.82, 171.49, 58.50, 680
2022-02-09 18:13:33.318484, 3, 20.84, 991.21, 185.14, 54.20, 327
2022-02-09 18:13:55.310959, 1, 20.55, 992.79, 171.71, 58.78, 680
2022-02-09 18:14:04.619128, 3, 20.86, 991.21, 185.15, 52.90, 327
2022-02-09 18:14:26.551581, 1, 20.56, 992.79, 171.76, 58.82, 680
2022-02-09 18:14:35.919619, 3, 20.85, 991.22, 185.01, 52.95, 327
2022-02-09 18:14:57.811208, 1, 20.57, 992.82, 171.54, 58.38, 680
2022-02-09 18:15:07.229442, 3, 20.87, 991.23, 184.92, 52.97, 351
2022-02-09 18:15:29.041725, 1, 20.57, 992.80, 171.67, 58.71, 680
2022-02-09 18:15:38.538975, 3, 20.91, 991.24, 184.88, 53.25, 352
2022-02-09 18:16:00.261412, 1, 20.57, 992.80, 171.70, 58.48, 680
2022-02-09 18:16:09.849490, 3, 20.91, 991.24, 184.87, 53.39, 352
2022-02-09 18:16:31.501986, 1, 20.57, 992.83, 171.37, 58.58, 680
2022-02-09 18:16:41.160149, 3, 20.92, 991.23, 184.93, 53.57, 352
2022-02-09 18:17:02.741769, 1, 20.57, 992.80, 171.70, 58.57, 680
2022-02-09 18:17:12.469738, 3, 20.91, 991.20, 185.22, 53.17, 352
2022-02-09 18:17:33.992334, 1, 20.56, 992.80, 171.70, 59.96, 681
2022-02-09 18:17:43.780426, 3, 20.92, 991.25, 184.80, 53.18, 352
2022-02-09 18:18:05.252869, 1, 20.56, 992.79, 171.73, 60.06, 681
2022-02-09 18:18:15.081001, 3, 20.92, 991.24, 184.90, 52.76, 353
2022-02-09 18:18:36.503401, 1, 20.57, 992.80, 171.70, 59.46, 681
2022-02-09 18:18:46.371518, 3, 20.91, 991.21, 185.11, 52.89, 353
2022-02-09 18:19:07.740872, 1, 20.57, 992.81, 171.57, 59.50, 680
2022-02-09 18:19:17.655156, 3, 20.91, 991.28, 184.51, 52.65, 353
2022-02-09 18:19:38.987628, 1, 20.56, 992.79, 171.77, 59.09, 681
2022-02-09 18:19:48.955765, 3, 20.90, 991.25, 184.81, 52.67, 354
2022-02-09 18:20:10.248054, 1, 20.55, 992.85, 171.21, 59.10, 681
2022-02-09 18:20:20.266314, 3, 20.90, 991.23, 184.98, 52.62, 355
2022-02-09 18:20:41.497793, 1, 20.54, 992.86, 171.16, 58.21, 681
2022-02-09 18:20:51.566009, 3, 20.90, 991.24, 184.89, 52.58, 354
2022-02-09 18:21:12.758404, 1, 20.55, 992.84, 171.30, 58.91, 681
2022-02-09 18:21:22.876492, 3, 20.89, 991.23, 184.94, 52.70, 355
2022-02-09 18:21:44.008932, 1, 20.53, 992.84, 171.33, 58.36, 681
2022-02-09 18:21:54.187069, 3, 20.88, 991.22, 185.01, 52.77, 355
2022-02-09 18:22:15.258592, 1, 20.52, 992.82, 171.50, 57.85, 681
2022-02-09 18:22:25.506683, 3, 20.88, 991.26, 184.68, 52.74, 354
2022-02-09 18:22:46.519105, 1, 20.53, 992.86, 171.19, 58.69, 681
2022-02-09 18:22:56.806378, 3, 20.88, 991.27, 184.59, 53.00, 354
2022-02-09 18:23:17.768714, 1, 20.52, 992.83, 171.39, 58.05, 681
2022-02-09 18:23:28.126954, 3, 20.89, 991.29, 184.42, 52.62, 355
2022-02-09 18:23:49.019302, 1, 20.52, 992.85, 171.24, 57.61, 681
2022-02-09 18:23:59.437559, 3, 20.88, 991.29, 184.48, 52.88, 355
2022-02-09 18:24:20.266855, 1, 20.52, 992.82, 171.53, 58.95, 680
2022-02-09 18:24:30.745113, 3, 20.87, 991.26, 184.75, 52.88, 354
2022-02-09 18:24:51.506620, 1, 20.53, 992.84, 171.35, 57.97, 681
2022-02-09 18:25:22.743168, 1, 20.54, 992.80, 171.68, 57.66, 680
2022-02-09 18:25:33.401374, 3, 20.86, 991.30, 184.35, 53.02, 355
2022-02-09 18:25:54.002780, 1, 20.55, 992.83, 171.38, 58.10, 681
2022-02-09 18:26:04.721004, 3, 20.86, 991.30, 184.35, 53.03, 354
2022-02-09 18:26:25.253305, 1, 20.54, 992.88, 171.01, 57.91, 681
2022-02-09 18:26:36.051704, 3, 20.85, 991.30, 184.33, 52.70, 354
2022-02-09 18:26:56.493926, 1, 20.54, 992.92, 170.62, 57.98, 681
2022-02-09 18:27:07.352158, 3, 20.85, 991.33, 184.14, 52.70, 354
2022-02-09 18:27:27.744466, 1, 20.54, 992.86, 171.14, 58.10, 681
2022-02-09 18:27:38.672672, 3, 20.85, 991.30, 184.36, 52.62, 354
2022-02-09 18:27:58.984065, 1, 20.55, 992.87, 171.11, 58.58, 681
2022-02-09 18:28:09.982394, 3, 20.85, 991.29, 184.42, 52.52, 355
2022-02-09 18:28:30.234666, 1, 20.55, 992.89, 170.89, 58.08, 681
2022-02-09 18:28:41.302924, 3, 20.85, 991.30, 184.37, 52.53, 355
2022-02-09 18:29:01.495218, 1, 20.56, 992.89, 170.94, 58.36, 681
2022-02-09 18:29:12.612602, 3, 20.87, 991.29, 184.43, 52.30, 354
2022-02-09 18:29:32.744920, 1, 20.56, 992.89, 170.94, 58.36, 680
2022-02-09 18:30:03.989414, 1, 20.56, 992.93, 170.56, 58.17, 681
2022-02-09 18:30:13.197484, 3, 20.86, 991.31, 184.31, 52.62, 355
2022-02-09 18:30:35.219974, 1, 20.56, 992.92, 170.68, 57.94, 681
2022-02-09 18:30:44.498029, 3, 20.86, 991.32, 184.16, 52.38, 354
2022-02-09 18:31:06.479662, 1, 20.56, 992.87, 171.10, 58.04, 681
2022-02-09 18:31:15.807726, 3, 20.87, 991.34, 184.05, 52.57, 354
2022-02-09 18:31:37.740225, 1, 20.56, 992.92, 170.66, 58.29, 681
2022-02-09 18:31:47.118278, 3, 20.87, 991.35, 183.92, 52.45, 354
2022-02-09 18:32:08.979899, 1, 20.57, 992.90, 170.85, 58.17, 681
2022-02-09 18:32:18.407976, 3, 20.89, 991.33, 184.12, 52.39, 354
2022-02-09 18:32:40.240351, 1, 20.58, 992.88, 170.98, 58.08, 682
2022-02-09 18:32:49.718437, 3, 20.92, 991.31, 184.28, 52.48, 354
2022-02-09 18:33:11.490960, 1, 20.63, 992.89, 170.91, 57.83, 681
2022-02-09 18:33:21.018946, 3, 20.93, 991.33, 184.13, 52.56, 354
2022-02-09 18:33:42.730494, 1, 20.65, 992.90, 170.84, 57.06, 681
2022-02-09 18:33:52.308755, 3, 20.95, 991.32, 184.21, 52.54, 354
2022-02-09 18:34:13.981084, 1, 20.67, 992.83, 171.45, 57.54, 681
2022-02-09 18:34:23.619222, 3, 20.97, 991.30, 184.38, 52.41, 354
2022-02-09 18:34:45.221721, 1, 20.68, 992.85, 171.28, 57.26, 681
2022-02-09 18:34:54.909736, 3, 20.99, 991.31, 184.25, 52.25, 354
2022-02-09 18:35:16.481372, 1, 20.72, 992.90, 170.82, 56.49, 681
2022-02-09 18:35:26.219523, 3, 21.00, 991.30, 184.40, 52.44, 354
2022-02-09 18:35:47.731946, 1, 20.74, 992.87, 171.09, 56.68, 681
2022-02-09 18:35:57.520060, 3, 21.00, 991.30, 184.40, 52.02, 354
2022-02-09 18:36:18.982412, 1, 20.75, 992.84, 171.29, 56.46, 682
2022-02-09 18:36:28.810538, 3, 21.02, 991.30, 184.33, 52.17, 354
2022-02-09 18:36:50.222181, 1, 20.76, 992.85, 171.26, 56.12, 682
2022-02-09 18:37:00.110244, 3, 21.02, 991.28, 184.57, 52.15, 354
2022-02-09 18:37:21.472708, 1, 20.78, 992.84, 171.35, 56.31, 682
2022-02-09 18:37:31.400824, 3, 21.03, 991.27, 184.60, 52.08, 354
2022-02-09 18:37:52.723222, 1, 20.80, 992.83, 171.40, 56.21, 682
2022-02-09 18:38:02.680458, 3, 21.03, 991.25, 184.76, 51.99, 354
2022-02-09 18:38:23.972896, 1, 20.78, 992.80, 171.63, 56.54, 682
2022-02-09 18:38:34.011013, 3, 21.04, 991.29, 184.46, 51.82, 354
2022-02-09 18:38:55.223410, 1, 20.77, 992.83, 171.40, 56.14, 681
2022-02-09 18:39:05.321612, 3, 21.04, 991.28, 184.57, 52.07, 354
2022-02-09 18:39:26.483160, 1, 20.78, 992.79, 171.77, 56.13, 682
2022-02-09 18:39:36.611334, 3, 21.03, 991.25, 184.80, 52.08, 354
2022-02-09 18:39:57.723690, 1, 20.77, 992.79, 171.71, 56.22, 681
2022-02-09 18:40:07.901824, 3, 21.03, 991.26, 184.73, 51.92, 354
2022-02-09 18:40:28.974228, 1, 20.75, 992.80, 171.68, 56.04, 682
2022-02-09 18:40:39.192375, 3, 21.03, 991.22, 185.06, 51.73, 354
2022-02-09 18:41:00.223880, 1, 20.71, 992.78, 171.87, 57.67, 682
2022-02-09 18:41:10.492059, 3, 21.02, 991.25, 184.83, 51.91, 354
2022-02-09 18:41:31.484493, 1, 20.68, 992.77, 171.95, 56.36, 681
2022-02-09 18:41:41.792660, 3, 21.00, 991.24, 184.92, 52.09, 354
2022-02-09 18:42:02.725036, 1, 20.66, 992.76, 171.98, 56.82, 681
2022-02-09 18:42:13.093184, 3, 20.99, 991.19, 185.33, 51.95, 354
2022-02-09 18:42:33.964652, 1, 20.65, 992.84, 171.30, 57.32, 681
2022-02-09 18:42:44.382874, 3, 20.97, 991.24, 184.89, 51.78, 354
2022-02-09 18:43:05.205242, 1, 20.64, 992.79, 171.79, 56.96, 681
2022-02-09 18:43:36.439877, 1, 20.63, 992.82, 171.51, 57.79, 681
2022-02-09 18:43:46.998125, 3, 20.96, 991.27, 184.65, 51.91, 354
2022-02-09 18:44:07.700474, 1, 20.62, 992.89, 170.91, 56.95, 681
2022-02-09 18:44:18.278672, 3, 20.96, 991.27, 184.61, 51.81, 354
2022-02-09 18:44:38.940952, 1, 20.62, 992.83, 171.42, 57.38, 681
2022-02-09 18:44:49.579184, 3, 20.96, 991.30, 184.35, 51.84, 354
2022-02-09 18:45:10.170704, 1, 20.62, 992.85, 171.27, 57.53, 681
2022-02-09 18:45:20.848816, 3, 20.96, 991.29, 184.45, 51.93, 354
2022-02-09 18:45:41.421293, 1, 20.60, 992.84, 171.32, 57.19, 681
2022-02-09 18:45:52.149452, 3, 20.96, 991.28, 184.51, 51.63, 354
2022-02-09 18:46:12.661751, 1, 20.60, 992.80, 171.65, 57.09, 681
2022-02-09 18:46:23.449963, 3, 20.96, 991.30, 184.40, 51.81, 354
2022-02-09 18:46:43.891394, 1, 20.60, 992.85, 171.28, 57.43, 681
2022-02-09 18:47:15.145822, 1, 20.59, 992.86, 171.15, 57.12, 681
2022-02-09 18:47:26.064148, 3, 20.96, 991.29, 184.49, 51.74, 354
2022-02-09 18:47:46.416493, 1, 20.59, 992.87, 171.05, 57.41, 681
2022-02-09 18:47:57.354671, 3, 20.95, 991.28, 184.55, 51.82, 354
2022-02-09 18:48:17.646219, 1, 20.58, 992.82, 171.46, 57.55, 681
2022-02-09 18:48:28.664374, 3, 20.95, 991.27, 184.61, 51.63, 354
2022-02-09 18:48:48.886695, 1, 20.58, 992.81, 171.58, 57.72, 681
2022-02-09 18:48:59.954892, 3, 20.96, 991.29, 184.48, 51.50, 354
2022-02-09 18:49:20.127249, 1, 20.57, 992.88, 171.03, 58.11, 681
2022-02-09 18:49:51.382791, 1, 20.58, 992.83, 171.43, 57.52, 681
2022-02-09 18:50:02.551199, 3, 20.94, 991.28, 184.50, 51.90, 354
2022-02-09 18:50:22.623456, 1, 20.58, 992.83, 171.39, 57.18, 681
2022-02-09 18:50:33.851733, 3, 20.93, 991.28, 184.53, 52.11, 354
2022-02-09 18:50:53.893990, 1, 20.58, 992.80, 171.63, 59.14, 681
2022-02-09 18:51:05.151335, 3, 20.92, 991.26, 184.69, 51.71, 354
2022-02-09 18:51:25.133613, 1, 20.57, 992.82, 171.52, 57.39, 681
2022-02-09 18:51:36.441949, 3, 20.93, 991.29, 184.48, 51.69, 354
2022-02-09 18:51:56.384240, 1, 20.56, 992.81, 171.56, 57.89, 681
2022-02-09 18:52:07.742429, 3, 20.92, 991.28, 184.54, 51.97, 354
2022-02-09 18:52:39.028225, 3, 20.91, 991.24, 184.86, 51.80, 354
2022-02-09 18:52:58.860467, 1, 20.57, 992.82, 171.50, 58.67, 681
2022-02-09 18:53:10.338736, 3, 20.92, 991.23, 184.94, 51.95, 354
2022-02-09 18:53:30.131002, 1, 20.57, 992.87, 171.12, 57.51, 681
2022-02-09 18:53:41.629270, 3, 20.93, 991.29, 184.49, 51.75, 354
2022-02-09 18:54:01.370586, 1, 20.57, 992.87, 171.07, 57.35, 681
2022-02-09 18:54:12.918885, 3, 20.94, 991.29, 184.48, 51.68, 354
2022-02-09 18:54:32.621155, 1, 20.58, 992.87, 171.05, 58.04, 681
2022-02-09 18:54:44.219510, 3, 20.92, 991.32, 184.20, 51.73, 354
2022-02-09 18:55:03.851736, 1, 20.58, 992.81, 171.58, 57.47, 681
2022-02-09 18:55:15.509085, 3, 20.92, 991.28, 184.50, 51.55, 354
2022-02-09 18:55:35.091360, 1, 20.58, 992.83, 171.40, 57.44, 681
2022-02-09 18:55:44.799547, 3, 20.92, 991.28, 184.55, 51.57, 354
2022-02-09 18:56:06.341967, 1, 20.58, 992.90, 170.85, 58.17, 681
2022-02-09 18:56:16.089992, 3, 20.93, 991.30, 184.37, 51.62, 354
2022-02-09 18:56:37.602501, 1, 20.57, 992.85, 171.22, 56.84, 682
2022-02-09 18:56:47.390520, 3, 20.95, 991.30, 184.38, 51.83, 354
2022-02-09 18:57:08.852087, 1, 20.56, 992.86, 171.15, 57.42, 681
2022-02-09 18:57:18.680392, 3, 20.95, 991.31, 184.33, 51.82, 354
2022-02-09 18:57:40.122720, 1, 20.55, 992.81, 171.55, 56.89, 682
2022-02-09 18:57:49.990790, 3, 20.95, 991.30, 184.41, 51.66, 354
2022-02-09 18:58:11.382332, 1, 20.56, 992.88, 171.02, 57.56, 681
2022-02-09 18:58:21.270440, 3, 20.97, 991.36, 183.90, 51.68, 354
2022-02-09 18:58:42.642940, 1, 20.57, 992.89, 170.94, 57.34, 681
2022-02-09 18:58:52.581072, 3, 20.98, 991.31, 184.29, 51.70, 354
2022-02-09 18:59:13.893454, 1, 20.56, 992.87, 171.10, 56.88, 681
2022-02-09 18:59:23.871564, 3, 20.98, 991.34, 184.02, 51.72, 354
2022-02-09 18:59:45.143147, 1, 20.56, 992.90, 170.81, 56.57, 682
2022-02-09 18:59:55.161183, 3, 20.98, 991.35, 183.96, 51.74, 354
2022-02-09 19:00:16.383618, 1, 20.55, 992.86, 171.17, 56.40, 681
2022-02-09 19:00:26.461803, 3, 20.97, 991.36, 183.89, 51.56, 354
2022-02-09 19:00:47.634219, 1, 20.56, 992.89, 170.87, 57.25, 681
2022-02-09 19:00:57.742290, 3, 20.97, 991.34, 184.02, 51.45, 354
2022-02-09 19:01:18.873827, 1, 20.55, 992.92, 170.61, 56.46, 681
2022-02-09 19:01:29.032038, 3, 20.97, 991.38, 183.69, 51.50, 354
2022-02-09 19:01:50.124425, 1, 20.55, 992.89, 170.91, 57.09, 681
2022-02-09 19:02:00.342506, 3, 20.97, 991.41, 183.42, 51.42, 354
2022-02-09 19:02:21.384918, 1, 20.56, 992.91, 170.72, 57.46, 682
2022-02-09 19:02:31.633058, 3, 20.98, 991.39, 183.63, 51.52, 354
2022-02-09 19:02:52.634553, 1, 20.55, 992.93, 170.59, 57.29, 681
2022-02-09 19:03:02.932718, 3, 20.97, 991.38, 183.66, 51.51, 354
2022-02-09 19:03:23.905170, 1, 20.55, 992.92, 170.69, 56.14, 682
2022-02-09 19:03:34.233279, 3, 20.98, 991.39, 183.57, 51.60, 354
2022-02-09 19:03:55.145717, 1, 20.55, 992.89, 170.90, 56.38, 681
2022-02-09 19:04:05.542983, 3, 20.98, 991.39, 183.59, 51.46, 353
2022-02-09 19:04:26.405365, 1, 20.54, 992.90, 170.81, 56.61, 681
2022-02-09 19:04:36.843541, 3, 20.97, 991.37, 183.79, 51.37, 354
2022-02-09 19:04:57.655859, 1, 20.54, 992.92, 170.62, 56.22, 681
2022-02-09 19:05:08.144081, 3, 20.98, 991.42, 183.35, 51.39, 354
2022-02-09 19:05:28.905608, 1, 20.53, 992.89, 170.87, 56.40, 681
2022-02-09 19:05:39.433731, 3, 20.99, 991.39, 183.59, 51.46, 354
2022-02-09 19:06:00.166085, 1, 20.54, 992.93, 170.61, 57.92, 681
2022-02-09 19:06:10.714303, 3, 21.00, 991.40, 183.49, 51.37, 354
2022-02-09 19:06:31.406703, 1, 20.54, 992.91, 170.73, 56.76, 681
2022-02-09 19:06:42.014823, 3, 20.99, 991.39, 183.58, 51.36, 354
2022-02-09 19:07:02.656333, 1, 20.55, 992.92, 170.63, 57.72, 681
2022-02-09 19:07:13.314531, 3, 20.98, 991.38, 183.68, 51.87, 354
2022-02-09 19:07:33.916846, 1, 20.55, 992.97, 170.23, 57.30, 682
2022-02-09 19:07:44.615059, 3, 20.98, 991.41, 183.44, 51.63, 354
2022-02-09 19:08:05.177362, 1, 20.56, 992.97, 170.25, 55.63, 682
2022-02-09 19:08:36.418044, 1, 20.60, 992.98, 170.17, 55.70, 682
2022-02-09 19:08:47.216301, 3, 20.98, 991.42, 183.33, 51.45, 354
2022-02-09 19:09:07.678650, 1, 20.64, 993.00, 169.97, 55.55, 681
2022-02-09 19:09:18.486796, 3, 21.00, 991.41, 183.42, 51.46, 354
2022-02-09 19:09:38.919179, 1, 20.64, 992.92, 170.64, 55.40, 681
2022-02-09 19:09:49.796631, 3, 21.01, 991.47, 182.95, 51.54, 354
2022-02-09 19:10:10.149017, 1, 20.66, 992.96, 170.35, 55.31, 681
2022-02-09 19:10:21.087303, 3, 21.02, 991.43, 183.23, 51.44, 354
2022-02-09 19:10:41.409698, 1, 20.66, 992.96, 170.30, 55.23, 682
2022-02-09 19:10:52.387966, 3, 21.04, 991.42, 183.32, 51.54, 354
2022-02-09 19:11:12.650304, 1, 20.67, 992.97, 170.24, 55.50, 682
2022-02-09 19:11:23.687765, 3, 21.00, 991.47, 182.94, 51.50, 354
2022-02-09 19:11:43.890174, 1, 20.69, 993.03, 169.72, 54.95, 682
2022-02-09 19:11:54.988399, 3, 20.97, 991.45, 183.11, 51.04, 354
2022-02-09 19:12:15.150786, 1, 20.69, 992.94, 170.50, 55.11, 682
2022-02-09 19:12:26.279185, 3, 20.96, 991.42, 183.34, 51.16, 354
2022-02-09 19:12:46.410545, 1, 20.68, 992.95, 170.37, 55.50, 682
2022-02-09 19:12:57.558840, 3, 20.97, 991.39, 183.63, 51.25, 327
2022-02-09 19:13:17.661146, 1, 20.68, 992.98, 170.15, 54.79, 681
2022-02-09 19:13:28.849425, 3, 20.98, 991.45, 183.14, 51.42, 327
2022-02-09 19:13:48.901743, 1, 20.70, 992.94, 170.50, 55.17, 681
2022-02-09 19:14:20.145472, 1, 20.70, 992.94, 170.46, 55.55, 682
2022-02-09 19:14:31.413799, 3, 21.00, 991.48, 182.81, 51.28, 327
2022-02-09 19:14:51.406217, 1, 20.70, 992.97, 170.23, 55.35, 681
2022-02-09 19:15:02.704456, 3, 20.99, 991.44, 183.15, 51.15, 327
2022-02-09 19:15:22.656982, 1, 20.71, 992.98, 170.13, 55.02, 682
2022-02-09 19:15:33.974249, 3, 21.00, 991.46, 183.04, 51.13, 327
2022-02-09 19:15:53.906541, 1, 20.74, 992.99, 170.04, 54.67, 681
2022-02-09 19:16:05.264887, 3, 21.01, 991.45, 183.08, 51.11, 327
2022-02-09 19:16:25.147215, 1, 20.77, 992.97, 170.25, 54.67, 682
2022-02-09 19:16:36.565524, 3, 21.01, 991.44, 183.17, 51.19, 327
2022-02-09 19:16:56.397817, 1, 20.80, 993.01, 169.89, 54.23, 682
2022-02-09 19:17:07.855288, 3, 21.03, 991.46, 183.01, 50.94, 327
2022-02-09 19:17:27.657559, 1, 20.80, 993.05, 169.57, 54.69, 681
2022-02-09 19:17:39.145799, 3, 21.03, 991.46, 182.99, 50.81, 327
2022-02-09 19:17:58.908080, 1, 20.80, 992.96, 170.34, 54.95, 682
2022-02-09 19:18:10.446388, 3, 21.03, 991.48, 182.86, 50.91, 327
2022-02-09 19:18:30.177899, 1, 20.79, 992.99, 170.08, 55.06, 682
2022-02-09 19:18:41.746153, 3, 21.04, 991.51, 182.59, 50.94, 327
2022-02-09 19:19:01.418388, 1, 20.78, 992.99, 170.09, 54.53, 682
2022-02-09 19:19:13.026782, 3, 21.05, 991.48, 182.85, 50.90, 327
2022-02-09 19:19:32.679066, 1, 20.77, 993.00, 169.98, 54.27, 682
2022-02-09 19:19:44.307350, 3, 21.06, 991.49, 182.78, 50.71, 327
2022-02-09 19:20:03.929679, 1, 20.76, 992.99, 170.06, 54.04, 682
2022-02-09 19:20:35.173328, 1, 20.74, 993.00, 169.94, 54.61, 681
2022-02-09 19:20:46.891731, 3, 21.04, 991.48, 182.89, 50.65, 327
2022-02-09 19:21:06.433943, 1, 20.71, 993.04, 169.64, 56.12, 682
2022-02-09 19:21:18.181418, 3, 21.03, 991.47, 182.91, 50.68, 327
2022-02-09 19:21:37.693704, 1, 20.68, 993.00, 169.97, 54.67, 682
2022-02-09 19:21:49.471909, 3, 21.01, 991.48, 182.84, 50.57, 327
2022-02-09 19:22:08.954280, 1, 20.67, 993.02, 169.82, 55.30, 682
2022-02-09 19:22:20.782563, 3, 21.00, 991.51, 182.61, 50.66, 327
2022-02-09 19:22:40.214762, 1, 20.66, 993.02, 169.80, 55.17, 681
2022-02-09 19:22:52.092320, 3, 20.99, 991.52, 182.47, 50.50, 327
2022-02-09 19:23:11.464560, 1, 20.64, 993.06, 169.43, 55.54, 682
2022-02-09 19:23:42.722159, 1, 20.64, 993.09, 169.22, 56.13, 681
2022-02-09 19:23:53.681373, 3, 20.97, 991.53, 182.44, 50.69, 327
2022-02-09 19:24:13.983700, 1, 20.63, 993.06, 169.43, 56.88, 681
2022-02-09 19:24:24.980935, 3, 20.95, 991.54, 182.33, 50.43, 327
2022-02-09 19:24:45.233418, 1, 20.61, 993.06, 169.45, 55.50, 681
2022-02-09 19:24:56.281641, 3, 20.95, 991.52, 182.52, 50.51, 327
2022-02-09 19:25:16.504034, 1, 20.60, 993.05, 169.59, 54.96, 682
2022-02-09 19:25:27.582192, 3, 20.95, 991.54, 182.34, 50.52, 327
2022-02-09 19:25:47.753845, 1, 20.60, 993.01, 169.85, 55.81, 681
2022-02-09 19:25:58.881819, 3, 20.94, 991.50, 182.70, 50.41, 327
2022-02-09 19:26:19.024154, 1, 20.61, 993.04, 169.67, 57.78, 681
2022-02-09 19:26:30.172554, 3, 20.93, 991.52, 182.53, 50.53, 327
2022-02-09 19:27:01.476199, 3, 20.91, 991.51, 182.57, 50.54, 327
2022-02-09 19:27:21.538463, 1, 20.59, 993.15, 168.73, 55.72, 681
2022-02-09 19:27:32.766734, 3, 20.90, 991.56, 182.18, 50.70, 327
2022-02-09 19:27:52.789123, 1, 20.59, 993.07, 169.36, 58.59, 681
2022-02-09 19:28:04.057395, 3, 20.90, 991.58, 182.02, 50.42, 327
2022-02-09 19:28:24.059648, 1, 20.59, 993.11, 169.07, 56.62, 681
2022-02-09 19:28:35.357014, 3, 20.88, 991.57, 182.13, 50.35, 327
2022-02-09 19:28:55.309400, 1, 20.58, 993.07, 169.36, 55.02, 681
2022-02-09 19:29:06.657638, 3, 20.87, 991.57, 182.10, 50.51, 327
2022-02-09 19:29:26.549956, 1, 20.58, 993.06, 169.46, 57.46, 681
2022-02-09 19:29:37.958125, 3, 20.88, 991.54, 182.30, 50.46, 327
2022-02-09 19:29:57.800515, 1, 20.58, 993.09, 169.25, 56.43, 681
2022-02-09 19:30:09.247945, 3, 20.88, 991.56, 182.21, 50.26, 327
2022-02-09 19:30:29.040222, 1, 20.58, 993.05, 169.56, 57.93, 681
2022-02-09 19:30:40.538451, 3, 20.85, 991.51, 182.57, 50.48, 327
2022-02-09 19:31:00.300769, 1, 20.59, 993.12, 168.93, 57.15, 681
2022-02-09 19:31:11.859078, 3, 20.82, 991.55, 182.23, 50.52, 327
2022-02-09 19:31:31.551345, 1, 20.60, 993.17, 168.55, 56.99, 366
2022-02-09 19:31:43.148728, 3, 20.81, 991.58, 182.01, 50.76, 327
2022-02-09 19:32:02.800994, 1, 20.59, 993.10, 169.13, 55.35, 365
2022-02-09 19:32:14.449332, 3, 20.82, 991.61, 181.77, 50.53, 327
2022-02-09 19:32:34.051587, 1, 20.59, 993.11, 169.05, 59.39, 365
2022-02-09 19:32:45.749008, 3, 20.83, 991.59, 181.91, 50.37, 327
2022-02-09 19:33:05.311345, 1, 20.57, 993.11, 169.02, 57.19, 365
2022-02-09 19:33:17.059653, 3, 20.84, 991.58, 181.97, 50.62, 327
2022-02-09 19:33:36.581807, 1, 20.56, 993.10, 169.14, 58.27, 365
2022-02-09 19:33:48.350128, 3, 20.88, 991.60, 181.87, 50.66, 327
2022-02-09 19:34:07.842374, 1, 20.56, 993.12, 168.98, 57.41, 365
2022-02-09 19:34:19.649799, 3, 20.90, 991.59, 181.87, 50.30, 327
2022-02-09 19:34:39.102187, 1, 20.56, 993.08, 169.33, 58.96, 364
2022-02-09 19:35:10.345666, 1, 20.55, 993.12, 168.99, 56.53, 364
2022-02-09 19:35:22.243984, 3, 20.92, 991.58, 181.97, 50.19, 327
2022-02-09 19:35:41.606294, 1, 20.54, 993.12, 168.98, 56.44, 364
2022-02-09 19:35:53.533795, 3, 20.92, 991.62, 181.68, 50.34, 327
2022-02-09 19:36:12.865952, 1, 20.54, 993.14, 168.80, 57.24, 364
2022-02-09 19:36:24.814301, 3, 20.95, 991.63, 181.61, 50.33, 327
2022-02-09 19:36:44.116588, 1, 20.54, 993.13, 168.88, 57.63, 363
2022-02-09 19:37:15.360049, 1, 20.54, 993.12, 168.95, 56.75, 363
2022-02-09 19:37:27.387562, 3, 20.93, 991.64, 181.45, 50.13, 327
2022-02-09 19:37:46.609832, 1, 20.54, 993.09, 169.17, 57.08, 363
2022-02-09 19:37:56.667907, 3, 20.93, 991.64, 181.51, 50.32, 327
2022-02-09 19:38:17.860339, 1, 20.54, 993.18, 168.46, 56.32, 363
2022-02-09 19:38:27.958485, 3, 20.93, 991.55, 182.25, 50.20, 327
2022-02-09 19:38:49.110973, 1, 20.53, 993.11, 169.07, 56.68, 363
2022-02-09 19:38:59.238276, 3, 20.94, 991.62, 181.69, 50.10, 327
2022-02-09 19:39:20.350583, 1, 20.53, 993.12, 168.98, 57.14, 363
2022-02-09 19:39:30.528859, 3, 20.93, 991.66, 181.35, 50.02, 327
2022-02-09 19:39:51.591201, 1, 20.54, 993.16, 168.63, 58.60, 363
2022-02-09 19:40:01.809357, 3, 20.93, 991.64, 181.47, 50.06, 327
2022-02-09 19:40:22.830854, 1, 20.54, 993.16, 168.62, 58.07, 363
2022-02-09 19:40:33.119116, 3, 20.93, 991.66, 181.31, 50.06, 327
2022-02-09 19:40:54.081435, 1, 20.53, 993.16, 168.64, 54.60, 363
2022-02-09 19:41:04.409709, 3, 20.92, 991.65, 181.39, 49.79, 327
2022-02-09 19:41:25.332013, 1, 20.55, 993.18, 168.46, 54.95, 363
2022-02-09 19:41:35.700242, 3, 20.93, 991.64, 181.49, 50.42, 327
2022-02-09 19:41:56.612648, 1, 20.57, 993.18, 168.47, 54.77, 363
2022-02-09 19:42:06.989973, 3, 20.94, 991.61, 181.77, 50.28, 327
2022-02-09 19:42:27.852389, 1, 20.58, 993.18, 168.49, 53.85, 362
2022-02-09 19:42:38.270517, 3, 20.95, 991.60, 181.79, 50.51, 327
2022-02-09 19:42:59.102923, 1, 20.58, 993.23, 168.06, 55.26, 362
2022-02-09 19:43:09.561016, 3, 20.97, 991.68, 181.18, 50.34, 327
2022-02-09 19:43:30.322459, 1, 20.59, 993.19, 168.40, 55.12, 362
2022-02-09 19:43:40.840797, 3, 20.99, 991.64, 181.47, 50.42, 327
2022-02-09 19:44:01.573186, 1, 20.59, 993.22, 168.12, 54.97, 362
2022-02-09 19:44:12.131279, 3, 21.01, 991.65, 181.43, 50.28, 327
2022-02-09 19:44:32.813729, 1, 20.62, 993.18, 168.49, 54.69, 362
2022-02-09 19:44:43.421848, 3, 21.02, 991.64, 181.48, 50.21, 327
2022-02-09 19:45:04.063356, 1, 20.62, 993.18, 168.49, 55.11, 362
2022-02-09 19:45:14.721627, 3, 21.02, 991.61, 181.77, 50.89, 327
2022-02-09 19:45:35.303999, 1, 20.63, 993.16, 168.62, 54.63, 362
2022-02-09 19:45:46.012110, 3, 21.03, 991.62, 181.64, 50.66, 327
2022-02-09 19:46:06.544465, 1, 20.63, 993.17, 168.58, 55.54, 362
2022-02-09 19:46:17.291864, 3, 21.04, 991.60, 181.79, 50.59, 327
2022-02-09 19:46:37.794118, 1, 20.63, 993.18, 168.43, 55.12, 362
2022-02-09 19:46:48.592433, 3, 21.05, 991.65, 181.39, 50.68, 327
2022-02-09 19:47:09.034757, 1, 20.62, 993.17, 168.51, 54.87, 362
2022-02-09 19:47:19.912965, 3, 21.07, 991.70, 180.99, 51.62, 327
2022-02-09 19:47:40.274417, 1, 20.62, 993.20, 168.25, 55.20, 362
2022-02-09 19:47:51.212597, 3, 21.10, 991.68, 181.19, 51.05, 327
2022-02-09 19:48:11.525013, 1, 20.62, 993.21, 168.17, 55.01, 362
2022-02-09 19:48:42.740731, 1, 20.62, 993.19, 168.37, 55.05, 362
2022-02-09 19:48:53.809708, 3, 21.13, 991.66, 181.30, 50.64, 327
2022-02-09 19:49:14.011284, 1, 20.62, 993.18, 168.48, 54.77, 361
2022-02-09 19:49:45.274764, 1, 20.62, 993.18, 168.45, 55.07, 362
2022-02-09 19:49:56.402973, 3, 21.10, 991.67, 181.24, 50.79, 327
2022-02-09 19:50:16.535362, 1, 20.61, 993.23, 168.04, 55.21, 362
2022-02-09 19:50:27.712668, 3, 21.06, 991.67, 181.25, 50.92, 327
2022-02-09 19:50:47.785023, 1, 20.61, 993.23, 168.01, 56.07, 361
2022-02-09 19:50:59.003341, 3, 21.06, 991.67, 181.27, 50.83, 327
2022-02-09 19:51:19.045552, 1, 20.61, 993.27, 167.73, 55.54, 362
2022-02-09 19:51:30.303897, 3, 21.07, 991.69, 181.07, 50.92, 327
2022-02-09 19:51:50.316062, 1, 20.61, 993.26, 167.79, 56.43, 362
2022-02-09 19:52:01.603605, 3, 21.07, 991.73, 180.69, 50.91, 327
2022-02-09 19:52:21.565876, 1, 20.60, 993.24, 167.92, 55.75, 362
2022-02-09 19:52:32.894126, 3, 21.05, 991.72, 180.82, 50.98, 327
2022-02-09 19:52:52.816441, 1, 20.60, 993.20, 168.25, 55.96, 362
2022-02-09 19:53:04.184631, 3, 21.04, 991.68, 181.18, 50.87, 327
2022-02-09 19:53:24.046978, 1, 20.60, 993.23, 168.05, 56.48, 361
2022-02-09 19:53:35.474920, 3, 21.04, 991.69, 181.05, 50.96, 327
2022-02-09 19:53:55.306598, 1, 20.59, 993.21, 168.21, 56.62, 362
